{"cameraMode":{"drawMode":0,"name":"Shaded","section":"Shading Mode"},"sceneLighting":false,"audioPlay":false,"sceneViewState":{"m_AlwaysRefresh":false,"showFog":true,"showSkybox":false,"showFlares":true,"showImageEffects":true,"showParticleSystems":true,"showVisualEffectGraphs":true,"m_FxEnabled":true},"in2DMode":false,"pivot":{"x":11.018791198730469,"y":1.847914218902588,"z":0.2713146209716797},"rotation":{"x":0.003261433681473136,"y":0.9967041015625,"z":-0.052684277296066287,"w":0.06167616322636604},"size":5.2970733642578129,"orthographic":false}