{"cameraMode":{"drawMode":0,"name":"Shaded","section":"Shading Mode"},"sceneLighting":true,"audioPlay":false,"sceneViewState":{"m_AlwaysRefresh":false,"showFog":true,"showSkybox":true,"showFlares":true,"showImageEffects":true,"showParticleSystems":true,"showVisualEffectGraphs":true,"m_FxEnabled":true},"in2DMode":false,"pivot":{"x":-1.073054313659668,"y":0.16124272346496583,"z":12.498268127441407},"rotation":{"x":0.08474777638912201,"y":0.6223598718643189,"z":-0.06804283708333969,"w":0.7751503586769104},"size":7.848628520965576,"orthographic":true}