{"cameraMode":{"drawMode":0,"name":"Shaded","section":"Shading Mode"},"sceneLighting":true,"audioPlay":false,"sceneViewState":{"m_AlwaysRefresh":false,"showFog":true,"showSkybox":true,"showFlares":true,"showImageEffects":true,"showParticleSystems":true,"showVisualEffectGraphs":true,"m_FxEnabled":true},"in2DMode":false,"pivot":{"x":-1.1825485229492188,"y":4.408572196960449,"z":52.89046096801758},"rotation":{"x":0.05875178426504135,"y":-0.028451763093471528,"z":0.0016752745723351837,"w":0.9978675842285156},"size":43.03944396972656,"orthographic":false}